{"scoring":"Sub task \\#1 (9 points): ($1 \\leq n \\leq 300$).\r\n\r\nSub task \\#2 (15 points): ($1 \\leq n \\leq 3000$).\r\n\r\nSub task \\#3 (15 points): ($1 \\leq n \\leq 10^5 , o=0$).\r\n\r\nSub task \\#4 (15 points): ($1 \\leq n \\leq 10^5 , o=2^m$ for some $0\\le m < 20$).\r\n\r\nSub task \\#5 (46 points): ($1 \\leq n \\leq 10^5$).","notes":"A subarray of the array $arr$ is a sequence $arr_l,  arr_{l  +  1},  ...,  arr_{r}$ for some integers $(l,  r)$ such that $1  \\le  l  \\le  r  \\le  n$.\r\n\r\n\\textbf{Warning: Large Input/Output files. Be sure to use fast I/O methods.}","legend":"There's an array $arr$ of $n$ integers that contains all kinds of \\textbf{EVIL}.\r\n\r\nThe Detective boys were kidnapped and hidden in a subarray of the array $arr$. They told Conan some information about this subarray.\r\n\r\n\\begin{itemize}\r\n\\item The bitwise $AND$ of all elements of the array = $a$.\r\n\\item The bitwise $OR$ of all elements of the array = $o$.\r\n\\item The bitwise $XOR$ of all elements of the array = $x$.\r\n\\end{itemize}\r\n\r\nThere may be several subarrays of the array with the given information or none at all. Can you find the number of subarrays of $arr$ satisfying these conditions?","authorLogin":"mahmoud_badawy","language":"english","timeLimit":2000,"output":"For each test case print a single integer which is the number of subarrays satisfying the conditions.","inputFile":"stdin","outputFile":"stdout","input":"The first line will contain $T \\le 5$ the number of test cases you need to solve.\r\n\r\nEach test case starts with a line containing four integers $n$, $a$, $o$ and $x$. $(0 \\le a , o , x < 2^{20})$\r\n\r\nThe next line contains $n$ integers representing array $arr$ where $(0 \\leq arr_i < 2^{20})$\r\n","authorName":"Mahmoud Badawy","sampleTests":[{"output":"1\r\n7\r\n0\r\n","input":"3\r\n2 1 3 2\r\n1 3\r\n5 0 0 0\r\n0 0 0 1 0\r\n5 1 2 3\r\n1 2 3 4 5\r\n","inputFile":"example.01","outputFile":"example.01.a"}],"name":"Detective Conan","interaction":null,"memoryLimit":268435456,"tutorial":""}