<?xml version="1.0" encoding="utf-8" standalone="no"?>
<problem revision="11" short-name="exams" url="https://polygon.codeforces.com/p03PDzu/mahmoud_badawy/exams">
    <names>
        <name language="english" value="Exams"/>
    </names>
    <statements>
        <statement charset="UTF-8" language="english" mathjax="true" path="statements/english/problem.tex" type="application/x-tex"/>
        <statement charset="UTF-8" language="english" mathjax="true" path="statements/.html/english/problem.html" type="text/html"/>
        <statement language="english" path="statements/.pdf/english/problem.pdf" type="application/pdf"/>
    </statements>
    <judging cpu-name="Intel(R) Core(TM) i3-8100 CPU @ 3.60GHz" cpu-speed="3600" input-file="" output-file="">
        <testset name="samples">
            <time-limit>2000</time-limit>
            <memory-limit>268435456</memory-limit>
            <test-count>1</test-count>
            <input-path-pattern>samples/%02d</input-path-pattern>
            <answer-path-pattern>samples/%02d.a</answer-path-pattern>
            <tests>
                <test method="manual" points="0.0" sample="true"/>
            </tests>
        </testset>
        <testset name="tests">
            <time-limit>2000</time-limit>
            <memory-limit>268435456</memory-limit>
            <test-count>4</test-count>
            <input-path-pattern>tests/%02d</input-path-pattern>
            <answer-path-pattern>tests/%02d.a</answer-path-pattern>
            <tests>
                <test cmd="gen 1" group="subtask1" method="generated" points="13.0"/>
                <test cmd="gen 2" group="subtask2" method="generated" points="27.0"/>
                <test cmd="gen 3" group="subtask3" method="generated" points="23.0"/>
                <test cmd="gen 4" group="subtask4" method="generated" points="37.0"/>
            </tests>
            <groups>
                <group feedback-policy="points" name="subtask1" points="13.0" points-policy="complete-group"/>
                <group feedback-policy="points" name="subtask2" points="27.0" points-policy="complete-group">
                    <dependencies>
                        <dependency group="subtask1"/>
                    </dependencies>
                </group>
                <group feedback-policy="points" name="subtask3" points="23.0" points-policy="complete-group"/>
                <group feedback-policy="points" name="subtask4" points="37.0" points-policy="complete-group">
                    <dependencies>
                        <dependency group="subtask1"/>
                        <dependency group="subtask2"/>
                        <dependency group="subtask3"/>
                    </dependencies>
                </group>
            </groups>
        </testset>
    </judging>
    <files>
        <resources>
            <file path="files/olymp.sty"/>
            <file path="files/problem.tex"/>
            <file path="files/statements.ftl"/>
            <file path="files/testlib.h" type="h.g++"/>
        </resources>
        <executables>
            <executable>
                <source path="files/gen.cpp" type="cpp.g++17"/>
                <binary path="files/gen.exe" type="exe.win32"/>
            </executable>
            <executable>
                <source path="files/val.cpp" type="cpp.g++17"/>
                <binary path="files/val.exe" type="exe.win32"/>
            </executable>
        </executables>
    </files>
    <assets>
        <checker name="std::ncmp.cpp" type="testlib">
            <source path="files/check.cpp" type="cpp.g++17"/>
            <binary path="check.exe" type="exe.win32"/>
            <copy path="check.cpp"/>
            <testset>
                <test-count>0</test-count>
                <input-path-pattern>files/tests/checker-tests/%02d</input-path-pattern>
                <output-path-pattern>files/tests/checker-tests/%02d.o</output-path-pattern>
                <answer-path-pattern>files/tests/checker-tests/%02d.a</answer-path-pattern>
                <tests/>
            </testset>
        </checker>
        <validators>
            <validator>
                <source path="files/val.cpp" type="cpp.g++17"/>
                <binary path="files/val.exe" type="exe.win32"/>
                <testset>
                    <test-count>0</test-count>
                    <input-path-pattern>files/tests/validator-tests/%02d</input-path-pattern>
                    <tests/>
                </testset>
            </validator>
        </validators>
        <solutions>
            <solution tag="main">
                <source path="solutions/sol.cpp" type="cpp.g++17"/>
                <binary path="solutions/sol.exe" type="exe.win32"/>
            </solution>
            <solution tag="rejected">
                <source path="solutions/wa_sol.cpp" type="cpp.g++17"/>
                <binary path="solutions/wa_sol.exe" type="exe.win32"/>
                <extra-tags>
                    <extra-tag group="subtask4" tag="rejected"/>
                    <extra-tag group="subtask3" tag="rejected"/>
                    <extra-tag group="subtask2" tag="rejected"/>
                    <extra-tag group="subtask1" tag="accepted"/>
                </extra-tags>
            </solution>
        </solutions>
    </assets>
    <properties>
        <property name="tests-wellformed" value="true"/>
    </properties>
    <stresses>
        <stress-count>0</stress-count>
        <stress-path-pattern>stresses/%03d</stress-path-pattern>
        <list/>
    </stresses>
    <documents>
        <document path="documents/description.txt" type="text/plain"/>
    </documents>
</problem>
