<?xml version="1.0" encoding="utf-8" standalone="no"?>
<problem revision="16" short-name="andorxor" url="https://polygon.codeforces.com/p6o1zfW/mahmoud_badawy/andorxor">
    <names>
        <name language="english" value="Detective Conan"/>
    </names>
    <statements>
        <statement charset="UTF-8" language="english" mathjax="true" path="statements/english/problem.tex" type="application/x-tex"/>
        <statement charset="UTF-8" language="english" mathjax="true" path="statements/.html/english/problem.html" type="text/html"/>
        <statement language="english" path="statements/.pdf/english/problem.pdf" type="application/pdf"/>
    </statements>
    <judging cpu-name="Intel(R) Core(TM) i3-8100 CPU @ 3.60GHz" cpu-speed="3600" input-file="" output-file="">
        <testset name="samples">
            <time-limit>2000</time-limit>
            <memory-limit>268435456</memory-limit>
            <test-count>1</test-count>
            <input-path-pattern>samples/%02d</input-path-pattern>
            <answer-path-pattern>samples/%02d.a</answer-path-pattern>
            <tests>
                <test method="manual" points="0.0" sample="true"/>
            </tests>
        </testset>
        <testset name="tests">
            <time-limit>2000</time-limit>
            <memory-limit>268435456</memory-limit>
            <test-count>44</test-count>
            <input-path-pattern>tests/%02d</input-path-pattern>
            <answer-path-pattern>tests/%02d.a</answer-path-pattern>
            <tests>
                <test cmd="genRand 300 1" from-file="1" group="subtask1" method="generated" points="9.0"/>
                <test cmd="genRand 300 1" from-file="2" group="subtask1" method="generated" points="0.0"/>
                <test cmd="genRand 300 1" from-file="3" group="subtask1" method="generated" points="0.0"/>
                <test cmd="genRand 300 1" from-file="4" group="subtask1" method="generated" points="0.0"/>
                <test cmd="gen34 1 5" from-file="5" group="subtask1" method="generated" points="0.0"/>
                <test cmd="gen34 1 5" from-file="6" group="subtask1" method="generated" points="0.0"/>
                <test cmd="gen34 1 5" from-file="7" group="subtask1" method="generated" points="0.0"/>
                <test cmd="gen34 1 5" from-file="8" group="subtask1" method="generated" points="0.0"/>
                <test cmd="genSpecial 300 9" from-file="9" group="subtask1" method="generated" points="0.0"/>
                <test cmd="genSpecial 300 9" from-file="10" group="subtask1" method="generated" points="0.0"/>
                <test cmd="genSpecial 300 9" from-file="11" group="subtask1" method="generated" points="0.0"/>
                <test cmd="genSpecial 300 9" from-file="12" group="subtask1" method="generated" points="0.0"/>
                <test cmd="genRand 3000 13" from-file="13" group="subtask2" method="generated" points="15.0"/>
                <test cmd="genRand 3000 13" from-file="14" group="subtask2" method="generated" points="0.0"/>
                <test cmd="genRand 3000 13" from-file="15" group="subtask2" method="generated" points="0.0"/>
                <test cmd="genRand 3000 13" from-file="16" group="subtask2" method="generated" points="0.0"/>
                <test cmd="gen34 2 17" from-file="17" group="subtask2" method="generated" points="0.0"/>
                <test cmd="gen34 2 17" from-file="18" group="subtask2" method="generated" points="0.0"/>
                <test cmd="gen34 2 17" from-file="19" group="subtask2" method="generated" points="0.0"/>
                <test cmd="gen34 2 17" from-file="20" group="subtask2" method="generated" points="0.0"/>
                <test cmd="genSpecial 3000 21" from-file="21" group="subtask2" method="generated" points="0.0"/>
                <test cmd="genSpecial 3000 21" from-file="22" group="subtask2" method="generated" points="0.0"/>
                <test cmd="genSpecial 3000 21" from-file="23" group="subtask2" method="generated" points="0.0"/>
                <test cmd="genSpecial 3000 21" from-file="24" group="subtask2" method="generated" points="0.0"/>
                <test cmd="gen34 3 25" from-file="25" group="subtask3" method="generated" points="15.0"/>
                <test cmd="gen34 3 25" from-file="26" group="subtask3" method="generated" points="0.0"/>
                <test cmd="gen34 3 25" from-file="27" group="subtask3" method="generated" points="0.0"/>
                <test cmd="gen34 3 25" from-file="28" group="subtask3" method="generated" points="0.0"/>
                <test cmd="gen34 4 29" from-file="29" group="subtask4" method="generated" points="15.0"/>
                <test cmd="gen34 4 29" from-file="30" group="subtask4" method="generated" points="0.0"/>
                <test cmd="gen34 4 29" from-file="31" group="subtask4" method="generated" points="0.0"/>
                <test cmd="gen34 4 29" from-file="32" group="subtask4" method="generated" points="0.0"/>
                <test cmd="genRand 100000 33" from-file="33" group="subtask5" method="generated" points="46.0"/>
                <test cmd="genRand 100000 33" from-file="34" group="subtask5" method="generated" points="0.0"/>
                <test cmd="genRand 100000 33" from-file="35" group="subtask5" method="generated" points="0.0"/>
                <test cmd="genRand 100000 33" from-file="36" group="subtask5" method="generated" points="0.0"/>
                <test cmd="gen34 5 37" from-file="37" group="subtask5" method="generated" points="0.0"/>
                <test cmd="gen34 5 37" from-file="38" group="subtask5" method="generated" points="0.0"/>
                <test cmd="gen34 5 37" from-file="39" group="subtask5" method="generated" points="0.0"/>
                <test cmd="gen34 5 37" from-file="40" group="subtask5" method="generated" points="0.0"/>
                <test cmd="genSpecial 100000 41" from-file="41" group="subtask5" method="generated" points="0.0"/>
                <test cmd="genSpecial 100000 41" from-file="42" group="subtask5" method="generated" points="0.0"/>
                <test cmd="genSpecial 100000 41" from-file="43" group="subtask5" method="generated" points="0.0"/>
                <test cmd="genSpecial 100000 41" from-file="44" group="subtask5" method="generated" points="0.0"/>
            </tests>
            <groups>
                <group feedback-policy="points" name="subtask1" points="9.0" points-policy="complete-group"/>
                <group feedback-policy="points" name="subtask2" points="15.0" points-policy="complete-group">
                    <dependencies>
                        <dependency group="subtask1"/>
                    </dependencies>
                </group>
                <group feedback-policy="points" name="subtask3" points="15.0" points-policy="complete-group"/>
                <group feedback-policy="points" name="subtask4" points="15.0" points-policy="complete-group"/>
                <group feedback-policy="points" name="subtask5" points="46.0" points-policy="complete-group">
                    <dependencies>
                        <dependency group="subtask1"/>
                        <dependency group="subtask2"/>
                        <dependency group="subtask3"/>
                        <dependency group="subtask4"/>
                    </dependencies>
                </group>
            </groups>
        </testset>
    </judging>
    <files>
        <resources>
            <file path="files/olymp.sty"/>
            <file path="files/problem.tex"/>
            <file path="files/statements.ftl"/>
            <file path="files/testlib.h" type="h.g++"/>
        </resources>
        <executables>
            <executable>
                <source path="files/gen34.cpp" type="cpp.g++17"/>
                <binary path="files/gen34.exe" type="exe.win32"/>
            </executable>
            <executable>
                <source path="files/genRand.cpp" type="cpp.g++17"/>
                <binary path="files/genRand.exe" type="exe.win32"/>
            </executable>
            <executable>
                <source path="files/genSpecial.cpp" type="cpp.g++17"/>
                <binary path="files/genSpecial.exe" type="exe.win32"/>
            </executable>
            <executable>
                <source path="files/val.cpp" type="cpp.g++17"/>
                <binary path="files/val.exe" type="exe.win32"/>
            </executable>
        </executables>
    </files>
    <assets>
        <checker name="std::ncmp.cpp" type="testlib">
            <source path="files/check.cpp" type="cpp.g++17"/>
            <binary path="check.exe" type="exe.win32"/>
            <copy path="check.cpp"/>
            <testset>
                <test-count>0</test-count>
                <input-path-pattern>files/tests/checker-tests/%02d</input-path-pattern>
                <output-path-pattern>files/tests/checker-tests/%02d.o</output-path-pattern>
                <answer-path-pattern>files/tests/checker-tests/%02d.a</answer-path-pattern>
                <tests/>
            </testset>
        </checker>
        <validators>
            <validator>
                <source path="files/val.cpp" type="cpp.g++17"/>
                <binary path="files/val.exe" type="exe.win32"/>
                <testset>
                    <test-count>0</test-count>
                    <input-path-pattern>files/tests/validator-tests/%02d</input-path-pattern>
                    <tests/>
                </testset>
            </validator>
        </validators>
        <solutions>
            <solution tag="rejected">
                <source path="solutions/87371738_Ahmadsm2005_submission.cpp" type="cpp.g++17"/>
                <binary path="solutions/87371738_Ahmadsm2005_submission.exe" type="exe.win32"/>
            </solution>
            <solution tag="main">
                <source path="solutions/sol.cpp" type="cpp.g++17"/>
                <binary path="solutions/sol.exe" type="exe.win32"/>
            </solution>
            <solution tag="time-limit-exceeded">
                <source path="solutions/sol_sub1.cpp" type="cpp.g++17"/>
                <binary path="solutions/sol_sub1.exe" type="exe.win32"/>
                <extra-tags>
                    <extra-tag group="subtask4" tag="time-limit-exceeded"/>
                    <extra-tag group="subtask3" tag="time-limit-exceeded"/>
                    <extra-tag group="subtask2" tag="time-limit-exceeded"/>
                    <extra-tag group="subtask1" tag="accepted"/>
                    <extra-tag group="subtask5" tag="time-limit-exceeded"/>
                </extra-tags>
            </solution>
            <solution tag="time-limit-exceeded">
                <source path="solutions/sol_sub2.cpp" type="cpp.g++17"/>
                <binary path="solutions/sol_sub2.exe" type="exe.win32"/>
                <extra-tags>
                    <extra-tag group="subtask4" tag="time-limit-exceeded"/>
                    <extra-tag group="subtask3" tag="time-limit-exceeded"/>
                    <extra-tag group="subtask2" tag="accepted"/>
                    <extra-tag group="subtask1" tag="accepted"/>
                    <extra-tag group="subtask5" tag="time-limit-exceeded"/>
                </extra-tags>
            </solution>
        </solutions>
    </assets>
    <properties>
        <property name="tests-wellformed" value="true"/>
    </properties>
    <stresses>
        <stress-count>1</stress-count>
        <stress-path-pattern>stresses/%03d</stress-path-pattern>
        <list>
            <stress index="1" path="stresses/001"/>
        </list>
    </stresses>
    <documents>
        <document path="documents/description.txt" type="text/plain"/>
    </documents>
</problem>
