<?xml version="1.0" encoding="utf-8" standalone="no"?>
<problem revision="8" short-name="keys-and-lamps-codeforces" url="https://polygon.codeforces.com/p7HaQPf/mahmoud_badawy/keys-and-lamps-codeforces">
    <names>
        <name language="english" value="Secret Hideout"/>
    </names>
    <statements>
        <statement charset="UTF-8" language="english" mathjax="true" path="statements/english/problem.tex" type="application/x-tex"/>
        <statement charset="UTF-8" language="english" mathjax="true" path="statements/.html/english/problem.html" type="text/html"/>
        <statement language="english" path="statements/.pdf/english/problem.pdf" type="application/pdf"/>
    </statements>
    <judging cpu-name="Intel(R) Core(TM) i3-8100 CPU @ 3.60GHz" cpu-speed="3600" input-file="" output-file="">
        <testset name="samples">
            <time-limit>5000</time-limit>
            <memory-limit>268435456</memory-limit>
            <test-count>1</test-count>
            <input-path-pattern>samples/%02d</input-path-pattern>
            <answer-path-pattern>samples/%02d.a</answer-path-pattern>
            <tests>
                <test method="manual" points="0.0" sample="true"/>
            </tests>
        </testset>
        <testset name="tests">
            <time-limit>5000</time-limit>
            <memory-limit>268435456</memory-limit>
            <test-count>1</test-count>
            <input-path-pattern>tests/%02d</input-path-pattern>
            <answer-path-pattern>tests/%02d.a</answer-path-pattern>
            <tests>
                <test cmd="genAll" method="generated" points="100.0"/>
            </tests>
        </testset>
    </judging>
    <files>
        <resources>
            <file path="files/olymp.sty"/>
            <file path="files/problem.tex"/>
            <file path="files/statements.ftl"/>
            <file path="files/testlib.h" type="h.g++"/>
        </resources>
        <executables>
            <executable>
                <source path="files/check.cpp" type="cpp.g++17"/>
                <binary path="files/check.exe" type="exe.win32"/>
            </executable>
            <executable>
                <source path="files/gen.cpp" type="cpp.g++17"/>
                <binary path="files/gen.exe" type="exe.win32"/>
            </executable>
            <executable>
                <source path="files/genAll.cpp" type="cpp.g++17"/>
                <binary path="files/genAll.exe" type="exe.win32"/>
            </executable>
            <executable>
                <source path="files/genBatch.cpp" type="cpp.g++17"/>
                <binary path="files/genBatch.exe" type="exe.win32"/>
            </executable>
            <executable>
                <source path="files/interactor.cpp" type="cpp.g++17"/>
                <binary path="files/interactor.exe" type="exe.win32"/>
            </executable>
            <executable>
                <source path="files/val.cpp" type="cpp.g++17"/>
                <binary path="files/val.exe" type="exe.win32"/>
            </executable>
        </executables>
    </files>
    <assets>
        <checker type="testlib">
            <source path="files/check.cpp" type="cpp.g++17"/>
            <binary path="check.exe" type="exe.win32"/>
            <copy path="check.cpp" type="cpp.g++17"/>
            <testset>
                <test-count>0</test-count>
                <input-path-pattern>files/tests/checker-tests/%02d</input-path-pattern>
                <output-path-pattern>files/tests/checker-tests/%02d.o</output-path-pattern>
                <answer-path-pattern>files/tests/checker-tests/%02d.a</answer-path-pattern>
                <tests/>
            </testset>
        </checker>
        <interactor>
            <source path="files/interactor.cpp" type="cpp.g++17"/>
            <binary path="files/interactor.exe" type="exe.win32"/>
        </interactor>
        <validators>
            <validator>
                <source path="files/val.cpp" type="cpp.g++17"/>
                <binary path="files/val.exe" type="exe.win32"/>
                <testset>
                    <test-count>0</test-count>
                    <input-path-pattern>files/tests/validator-tests/%02d</input-path-pattern>
                    <tests/>
                </testset>
            </validator>
        </validators>
        <solutions>
            <solution tag="main">
                <source path="solutions/sol.cpp" type="cpp.g++17"/>
                <binary path="solutions/sol.exe" type="exe.win32"/>
            </solution>
            <solution tag="accepted">
                <source path="solutions/sol_bf.cpp" type="cpp.g++17"/>
                <binary path="solutions/sol_bf.exe" type="exe.win32"/>
            </solution>
        </solutions>
    </assets>
    <properties>
        <property name="tests-wellformed" value="true"/>
    </properties>
    <stresses>
        <stress-count>0</stress-count>
        <stress-path-pattern>stresses/%03d</stress-path-pattern>
        <list/>
    </stresses>
</problem>
