{"scoring":"Sub task \\#1 (13 points): ($1 \\leq n \\leq 2$).\r\n\r\nSub task \\#2 (27 points): ($1 \\leq n \\leq 100$).\r\n\r\nSub task \\#3 (23 points): ($c_i = 1$ for all $(1 \\le i \\le n$).\r\n\r\nSub task \\#4 (37 points): (No additional constraints).","notes":"In the first example, You can study to get 51 marks with total of $51*10 = 510$ minutes.\r\n\r\nIn the second example, Your cousin already got 100 so you can't get more than him.\r\n\r\nIn the third example, your final marks will be [50 50 56] in the three subjects. So you need to increase the first subject by 10, the second by 0 and the third by 56 so in total you will study for $10*1+0*2+56*3=178$ minutes\r\n\r\n\\textbf{Warning: Large Input/Output files. Be sure to use fast I/O methods.}","legend":"It's exams time and you need to study. You have $n$ subjects and each subject is graded from 0 to 100 (inclusive). With your current study you know you can get $a_i$ in the $i^{th}$ subject. And to increase your grade in the $i^{th}$ subject by one you need to study for $c_{i}$ minutes. Of course, you can't get more than 100 in any subject.\r\n\r\nTo make your mother happy your results need to satisfy two conditions:\r\n\\begin{itemize}\r\n\\item You need to pass each subject by getting \\textbf{at least 50} in each subject.\r\n\\item You need to outperform your cousin in \\textbf{at least one subject} by getting \\textbf{strictly more than him} in at least one subject.\r\n\\end{itemize}\r\n\r\nYou know that he will get $b_i$ in the $i^{th}$ subject and that he won't study more. Find the minimum number of minutes you need to study to make your mother happy or state that it is impossible.","authorLogin":"mahmoud_badawy","language":"english","timeLimit":2000,"output":"For each case print the minimum number of minutes required to study or -1 if there is no answer.","inputFile":"stdin","outputFile":"stdout","input":"The first line of the input will contain $T$ which is the number of cases you need to solve.\r\n\r\nThen for each case, four lines will follow:\r\n\r\nThe first line of each case will contain a single integer $n$ which is the number of subjects. $(1 \\le n \\le 10^5)$\r\n\r\nThe second line of each case will contain $n$ integers $a_1,a_2,...,a_n$ which are your current grades $(0 \\le a_i \\le 100)$.\r\n\r\nThe third line of each case will contain $n$ integers $b_1,b_2,...,b_n$ which are your cousin's current grades $(0 \\le b_i \\le 100)$.\r\n\r\nThe fourth line of each case will contain $n$ integers $c_1,c_2,...,c_n$ which are the number of minutes you need to study to increase your grade in a subject by 1 $(1 \\le c_i \\le 10^9)$\r\n\r\nIt's guaranteed that the sum of $n$ over all cases doesn't exceed $5*10^5$","authorName":"Mahmoud Badawy","sampleTests":[{"output":"510\r\n-1\r\n178\r\n","input":"3\r\n1\r\n0\r\n50\r\n10\r\n1\r\n100\r\n100\r\n10\r\n3\r\n40 50 0\r\n80 100 55\r\n1 2 3\r\n","inputFile":"example.01","outputFile":"example.01.a"}],"name":"Exams","interaction":null,"memoryLimit":268435456,"tutorial":""}